stiffness_MPa,yield_stress,yield_strain,uts_stress,uts_strain,strain_energy
84.5484820058536,10.3891325800679,0.130136105837821,12.3488582115187,0.224386141822127,0.735370848560481
102.853707541857,12.5253337331948,0.130183198407893,15.7602901367017,0.248385166399034,0.879856266823772
103.084985858139,11.2432439770503,0.116487492147718,13.9278425595909,0.208996825938602,0.712045817828793
98.7261186434162,8.51524250986594,0.0890070631839771,12.8377755821895,0.21406214871853,0.419884939829089
96.9207583892712,11.7571183246806,0.126701794021058,15.2524039887814,0.250042403712179,0.827795395638767
